playlist_id,playlist_name,collection_date,mean_track_date,playlist_type,nb_tracks,nb_clusters,nb_clusters_2,hh_index,hh_index_2,distances,distances_2,distances_3,stirling_index,stirling_index_2,playlist_followers
11e84493-6b0e-6dc0-a8d5-a0369fe50396,Top 50 - France,2021-10-01,2021-02-06 04:05:06,Charts,47,2,9,5509.28021729289,1308.28429153463,0.350978815942531,0.739306546278599,0.932133561622703,[[0.15761475]],[[0.33695921]],767571
11e84493-6b0e-6dc0-a8d5-a0369fe50396,Top 50 - France,2021-10-08,2021-02-04 05:23:15,Charts,49,3,10,3802.58225739275,1353.60266555602,0.482506336075011,0.829256553498371,0.923588173459445,[[0.23092727]],[[0.34492201]],768454
11e84493-6b0e-6dc0-a8d5-a0369fe50396,Top 50 - France,2021-10-15,2021-01-18 22:02:26,Charts,49,3,8,3386.08912952936,1420.24156601416,0.4919875261311,0.753888155384317,0.952843579028513,[[0.24224488]],[[0.34012151]],769328
11e84493-6b0e-6dc0-a8d5-a0369fe50396,Top 50 - France,2021-10-22,2021-03-03 21:33:03,Charts,49,2,7,5351.93669304456,1903.37359433569,0.386203874459873,0.758865831407333,0.977815800670533,[[0.17951001]],[[0.33175893]],770197
11e84493-6b0e-6dc0-a8d5-a0369fe50396,Top 50 - France,2021-10-29,2021-03-06 04:35:44,Charts,47,3,5,3707.55998189226,2258.94069714803,0.496519016764961,0.644281493908798,0.949384477331132,[[0.23225438]],[[0.29414337]],771245
11e84493-6b0e-6dc0-a8d5-a0369fe50396,Top 50 - France,2021-11-05,2021-02-26 04:05:06,Charts,47,4,7,3091.89678587596,1733.81620642825,0.583707137486781,0.736918977640509,0.96208124070545,[[0.26528662]],[[0.3247341]],772060
11e84493-6b0e-6dc0-a8d5-a0369fe50396,Top 50 - France,2021-11-12,2021-07-11 00:30:00,Charts,48,2,4,5425.34722222222,2925.34722222222,0.322144688688549,0.531216745247475,0.876930959966412,[[0.14737001]],[[0.24985517]],773147
11e84493-6b0e-6dc0-a8d5-a0369fe50396,Top 50 - France,2021-11-19,2021-07-22 17:00:00,Charts,48,3,8,3654.51388888889,1657.98611111111,0.421240492758522,0.748603900858975,0.877378428310467,[[0.1896283]],[[0.29025036]],775920
11e84493-6b0e-6dc0-a8d5-a0369fe50396,Top 50 - France,2021-11-26,2021-08-14 09:30:00,Charts,48,2,8,6250.0,1545.13888888889,0.363336582370303,0.766977673281557,0.914219460654804,[[0.13625122]],[[0.32254481]],777060
11e84493-6b0e-6dc0-a8d5-a0369fe50396,Top 50 - France,2021-12-03,2021-09-01 16:00:00,Charts,48,2,9,5138.88888888889,1354.16666666667,0.325818589575841,0.772299077213191,0.910703422035061,[[0.15838404]],[[0.33863733]],777901
11e84493-6b0e-6dc0-a8d5-a0369fe50396,Top 50 - France,2021-12-10,2021-09-04 11:14:02,Charts,47,2,10,5382.52602987777,1226.79945676777,0.33831948651433,0.778827861966753,0.926677505254966,[[0.15621814]],[[0.36103907]],778781
11e84493-6b0e-6dc0-a8d5-a0369fe50396,Top 50 - France,2021-12-17,2021-08-30 11:00:00,Charts,48,2,9,5425.34722222222,1562.5,0.355227251668268,0.799709527837264,0.943583374838633,[[0.16250413]],[[0.34477991]],779342
11e84493-6b0e-6dc0-a8d5-a0369fe50396,Top 50 - France,2021-12-24,2021-01-09 08:30:00,Charts,48,2,4,5138.88888888889,2743.05555555556,0.330060444112502,0.584923257816752,0.941290435877649,[[0.16044605]],[[0.28674906]],779987
11e84493-6b0e-6dc0-a8d5-a0369fe50396,Top 50 - France,2021-12-31,2021-08-03 23:30:00,Charts,48,2,9,5008.68055555556,1527.77777777778,0.31918442629764,0.809313615208691,0.93747362467008,[[0.15931514]],[[0.34585585]],780556
11e84493-6b0e-6dc0-a8d5-a0369fe50396,Top 50 - France,2022-01-07,2021-08-05 09:47:45,Charts,49,2,6,5052.06164098292,2069.97084548105,0.32775293241411,0.665014779152415,0.931873264320993,[[0.16217013]],[[0.31292354]],781231
11e84493-6b0e-6dc0-a8d5-a0369fe50396,Top 50 - France,2022-01-14,2021-08-07 07:00:00,Charts,48,2,5,5078.125,2387.15277777778,0.337435242090437,0.623622335752748,0.921269270771792,[[0.16608141]],[[0.29457859]],782148
11e84493-6b0e-6dc0-a8d5-a0369fe50396,Top 50 - France,2022-01-21,2021-08-10 00:00:00,Charts,48,3,7,3671.875,1857.63888888889,0.48249549721303,0.650695978633609,0.894038713624814,[[0.22712378]],[[0.31045057]],782947
11e84493-6b0e-6dc0-a8d5-a0369fe50396,Top 50 - France,2022-01-28,2021-06-14 22:00:00,Charts,48,3,7,3706.59722222222,1901.04166666667,0.471121117137017,0.725541970956939,0.913658217492423,[[0.22044369]],[[0.31981753]],783711
11e84493-6b0e-6dc0-a8d5-a0369fe50396,Top 50 - France,2022-02-04,2021-06-24 12:00:00,Charts,50,2,8,5008.0,1920.0,0.287720397611633,0.837117706138215,0.896646204997452,[[0.14363002]],[[0.30486525]],784518
11e84493-6b0e-6dc0-a8d5-a0369fe50396,Top 50 - France,2022-02-11,2021-09-10 06:43:12,Charts,50,3,3,3672.0,3672.0,0.43372799241096,0.43372799241096,0.879852605077861,[[0.20509506]],[[0.20509506]],785480
11e84493-6b0e-6dc0-a8d5-a0369fe50396,Top 50 - France,2022-02-18,2021-07-28 05:16:48,Charts,50,2,5,5008.0,2240.0,0.283495005350135,0.603475271056165,0.887376216780356,[[0.14152071]],[[0.28482688]],786279
11e84493-6b0e-6dc0-a8d5-a0369fe50396,Top 50 - France,2022-02-25,2021-06-19 13:26:24,Charts,50,2,10,5000.0,1280.0,0.29444385395862,0.758668188202228,0.884577787660277,[[0.14722193]],[[0.33444731]],787121
11e84493-6b0e-6dc0-a8d5-a0369fe50396,Top 50 - France,2022-03-04,2021-06-26 08:09:36,Charts,50,3,6,4088.0,1896.0,0.500683449483862,0.646285962951675,0.873608240687911,[[0.21108376]],[[0.3006281]],787948
11e84493-6b0e-6dc0-a8d5-a0369fe50396,Top 50 - France,2022-03-11,2021-08-24 01:55:12,Charts,50,2,9,5128.0,1360.0,0.305170983115898,0.730808466339626,0.91495178076068,[[0.1486793]],[[0.33543787]],788714
11e84493-6b0e-6dc0-a8d5-a0369fe50396,Top 50 - France,2022-03-18,2021-07-01 17:45:36,Charts,50,3,6,3600.0,1808.0,0.469168335100882,0.639539325235809,0.89876429700418,[[0.22331763]],[[0.30734429]],789506
11e84493-6b0e-6dc0-a8d5-a0369fe50396,Top 50 - France,2022-03-25,2021-07-26 06:14:24,Charts,50,3,8,3464.0,1448.0,0.461467870263882,0.720390951970369,0.924230958878146,[[0.22724612]],[[0.34118992]],790342
11e84493-6b0e-6dc0-a8d5-a0369fe50396,Top 50 - France,2022-04-01,2021-06-21 00:00:00,Charts,50,2,10,5008.0,1256.0,0.3119297822637,0.764050794710075,0.919925003864979,[[0.15571535]],[[0.35116887]],791174
11e84493-6b0e-6dc0-a8d5-a0369fe50396,Top 50 - France,2022-04-08,2021-06-20 23:30:36,Charts,49,3,7,3635.9850062474,1753.43606830487,0.477514076481826,0.719925778241866,0.949519053149679,[[0.22747928]],[[0.33859701]],791889
11e84493-6b0e-6dc0-a8d5-a0369fe50396,Top 50 - France,2022-04-15,2021-06-15 08:38:24,Charts,50,2,6,5072.0,2000.0,0.298723542511453,0.653125794301745,0.918638165911634,[[0.14721096]],[[0.308115]],792746
11e84493-6b0e-6dc0-a8d5-a0369fe50396,Top 50 - France,2022-04-22,2021-05-02 09:07:12,Charts,50,2,9,5072.0,1152.0,0.305358546422338,0.69916205531715,0.919205812088152,[[0.15048069]],[[0.34489731]],793410
11e84493-6b0e-6dc0-a8d5-a0369fe50396,Top 50 - France,2022-04-29,2021-05-30 04:19:12,Charts,50,3,6,3464.0,1976.0,0.464416235838578,0.671242918782467,0.91361155585578,[[0.22650777]],[[0.31322751]],794030
11e84493-6b0e-6dc0-a8d5-a0369fe50396,Top 50 - France,2022-05-06,2021-07-12 13:55:12,Charts,50,3,5,3576.0,2616.0,0.458130230915213,0.647761866769289,0.891814746121518,[[0.21622788]],[[0.28255765]],794684
11e84493-6b0e-6dc0-a8d5-a0369fe50396,Top 50 - France,2022-05-13,2021-07-29 14:41:37,Charts,49,3,8,3719.28363182007,1803.41524364848,0.468763549620135,0.780195578327608,0.888039257693637,[[0.21459043]],[[0.32370593]],795353
11e84493-6b0e-6dc0-a8d5-a0369fe50396,Top 50 - France,2022-05-20,2021-07-19 00:00:00,Charts,50,2,10,5648.0,1456.0,0.330685085564594,0.843311023541899,0.888323907974312,[[0.14391415]],[[0.33324988]],796013
11e84493-6b0e-6dc0-a8d5-a0369fe50396,Top 50 - France,2022-05-27,2021-08-09 08:09:36,Charts,50,4,8,3144.0,1640.0,0.579503161526512,0.755650688281501,0.878467872524711,[[0.25047973]],[[0.31600969]],796743
11e84493-6b0e-6dc0-a8d5-a0369fe50396,Top 50 - France,2022-06-03,2020-11-29 04:48:00,Charts,50,3,10,3736.0,1328.0,0.455173567803337,0.776171799081655,0.8609629026385,[[0.20718295]],[[0.32864225]],797431
11e84493-6b0e-6dc0-a8d5-a0369fe50396,Top 50 - France,2022-06-10,2021-04-19 05:16:48,Charts,50,3,6,4216.0,2560.0,0.499777048361082,0.708510846660739,0.863043837204721,[[0.20438052]],[[0.29086572]],798136
11e84493-6b0e-6dc0-a8d5-a0369fe50396,Top 50 - France,2022-06-17,2021-05-12 13:55:12,Charts,50,3,7,3864.0,1928.0,0.466643429446078,0.704749945452618,0.883687149644227,[[0.2156797]],[[0.31190636]],798934
11e84493-6b0e-6dc0-a8d5-a0369fe50396,Top 50 - France,2022-06-24,2021-03-23 23:02:24,Charts,50,2,9,5392.0,1592.0,0.343737117645303,0.818454999574728,0.889744744799217,[[0.15839406]],[[0.32898604]],799772
11e84493-6b0e-6dc0-a8d5-a0369fe50396,Top 50 - France,2022-07-01,2021-03-27 16:48:00,Charts,50,3,9,3912.0,1752.0,0.459319529134288,0.830527521027233,0.847446356202419,[[0.20054015]],[[0.30037126]],801225
11e84493-6b0e-6dc0-a8d5-a0369fe50396,Top 50 - France,2022-07-08,2021-05-18 22:31:50,Charts,49,3,9,4019.15868388172,1670.13744273219,0.453622307613191,0.834506638267877,0.803467230539598,[[0.17791975]],[[0.29241314]],802324
11e84493-6b0e-6dc0-a8d5-a0369fe50396,Top 50 - France,2022-07-15,2021-04-27 19:40:48,Charts,50,2,9,5200.0,1560.0,0.276112324693693,0.834715241247139,0.831311778042523,[[0.13253392]],[[0.30099484]],803314
11e84493-6b0e-6dc0-a8d5-a0369fe50396,Top 50 - France,2022-07-22,2021-05-11 05:45:36,Charts,50,2,10,5032.0,1544.0,0.303320900677368,0.916106718017077,0.863561943267628,[[0.15068982]],[[0.31986843]],804509
11e84493-6b0e-6dc0-a8d5-a0369fe50396,Top 50 - France,2022-07-29,2021-05-18 18:14:24,Charts,50,3,10,3984.0,1904.0,0.473498343374337,0.870734018912236,0.84983663389097,[[0.20605116]],[[0.31364417]],805645
11e84493-6b0e-6dc0-a8d5-a0369fe50396,Top 50 - France,2022-08-05,2021-05-25 04:19:12,Charts,50,3,10,4248.0,1760.0,0.442323321360491,0.838288503892534,0.83892139636709,[[0.19325403]],[[0.30457472]],806899
11e84493-6b0e-6dc0-a8d5-a0369fe50396,Top 50 - France,2022-08-12,2021-05-21 18:43:12,Charts,50,4,10,3816.0,1784.0,0.652981284275904,0.827698936989615,0.83198339726892,[[0.22093407]],[[0.30652712]],808277
11e84493-6b0e-6dc0-a8d5-a0369fe50396,Top 50 - France,2022-08-19,2021-05-05 12:57:36,Charts,50,2,5,5200.0,3112.0,0.3072971043531,0.744009643791751,0.84612703537784,[[0.14750261]],[[0.23771429]],809567
11e84493-6b0e-6dc0-a8d5-a0369fe50396,Top 50 - France,2022-08-26,2021-04-23 20:38:24,Charts,50,3,9,4496.0,1336.0,0.485355322171807,0.703964550481085,0.821435813704458,[[0.17884078]],[[0.29507473]],810638
11e84493-6b0e-6dc0-a8d5-a0369fe50396,Top 50 - France,2022-09-02,2021-05-15 16:19:12,Charts,50,2,4,5512.0,3544.0,0.331933863335784,0.581339064208385,0.886203613590215,[[0.14897192]],[[0.23113681]],810810
11e84493-6b0e-6dc0-a8d5-a0369fe50396,Top 50 - France,2022-09-09,2021-06-22 22:33:36,Charts,50,2,7,5392.0,1904.0,0.299235617809425,0.810866074447159,0.881747438079659,[[0.13788777]],[[0.28788423]],810988
11e84493-6b0e-6dc0-a8d5-a0369fe50396,Top 50 - France,2022-09-16,2021-02-26 01:26:24,Charts,50,2,7,6152.0,1904.0,0.343325934868351,0.712824465394329,0.872475915724038,[[0.13211182]],[[0.29678022]],811732
11e84493-6b0e-6dc0-a8d5-a0369fe50396,Top 50 - France,2022-09-23,2022-04-30 06:14:24,Charts,50,2,8,5512.0,1808.0,0.317460063970483,0.843693642659098,0.821437456948021,[[0.14247608]],[[0.28636254]],812806
11e84493-6b0e-6dc0-a8d5-a0369fe50396,Top 50 - France,2022-09-30,2022-03-24 06:14:24,Charts,50,2,5,5288.0,2240.0,0.338254766482815,0.606267873559242,0.916283106319387,[[0.15938565]],[[0.27665806]],813622
11e84493-6b0e-6dc0-a8d5-a0369fe50396,Top 50 - France,2022-10-07,2022-01-14 22:33:36,Charts,50,2,8,5800.0,1600.0,0.336601169874141,0.783949462024743,0.908365372553555,[[0.14137249]],[[0.31421491]],814286
11e84493-6b0e-6dc0-a8d5-a0369fe50396,Top 50 - France,2022-10-14,2022-01-14 08:38:24,Charts,50,3,7,3752.0,1728.0,0.460176455040869,0.687187503281467,0.904455407561132,[[0.20935487]],[[0.30473307]],815036
11e84493-6b0e-6dc0-a8d5-a0369fe50396,Top 50 - France,2022-10-21,2022-01-16 18:43:12,Charts,50,2,8,5072.0,1400.0,0.277704809031158,0.669386411254547,0.891017786867617,[[0.13685293]],[[0.30596608]],815781
11e84493-6b0e-6dc0-a8d5-a0369fe50396,Top 50 - France,2022-10-28,2022-01-16 11:31:12,Charts,50,2,7,5128.0,1608.0,0.282526168713509,0.66052384577006,0.884820933808919,[[0.13764675]],[[0.29643665]],816404
11e84493-6b0e-6dc0-a8d5-a0369fe50396,Top 50 - France,2022-11-04,2022-01-21 12:57:36,Charts,50,3,7,4144.0,1616.0,0.455515899677197,0.664788686355724,0.837697783389343,[[0.18522029]],[[0.28698603]],816813
11e84493-6b0e-6dc0-a8d5-a0369fe50396,Top 50 - France,2022-11-11,2022-03-03 18:14:24,Charts,50,3,6,3368.0,1848.0,0.445261273423681,0.642893729646056,0.905867922138362,[[0.22109732]],[[0.30175082]],817134
11e84493-6b0e-6dc0-a8d5-a0369fe50396,Top 50 - France,2022-11-18,2022-01-03 18:43:12,Charts,50,2,9,6352.0,1400.0,0.340254427800419,0.77561737735827,0.9019721681202,[[0.12412482]],[[0.32894827]],817484
11e84493-6b0e-6dc0-a8d5-a0369fe50396,Top 50 - France,2022-11-25,2022-03-20 06:43:12,Charts,50,2,6,7048.0,2008.0,0.361641088769296,0.675765828971328,0.887518357232503,[[0.10675645]],[[0.27942381]],818291
11e84493-6b0e-6dc0-a8d5-a0369fe50396,Top 50 - France,2022-12-02,2022-01-10 14:52:48,Charts,50,2,9,5968.0,1416.0,0.315851882974279,0.735087747936488,0.881725405852733,[[0.12735148]],[[0.320608]],818739
11e84493-6b0e-6dc0-a8d5-a0369fe50396,Top 50 - France,2022-12-09,2022-01-20 21:07:12,Charts,50,3,10,3336.0,1304.0,0.417593093960723,0.744713529955583,0.843911905614982,[[0.2088715]],[[0.31210839]],819413
11e84493-6b0e-6dc0-a8d5-a0369fe50396,Top 50 - France,2022-12-16,2021-07-07 15:50:24,Charts,50,3,9,3336.0,1696.0,0.41919193073989,0.864821358793152,0.864679265578162,[[0.20927859]],[[0.31089943]],820312
11e84493-6b0e-6dc0-a8d5-a0369fe50396,Top 50 - France,2022-12-23,2020-02-05 14:24:00,Charts,50,2,10,6568.0,1392.0,0.31280342480793,0.832148369007081,0.879823572043218,[[0.10735414]],[[0.31168287]],821128
11e84493-6b0e-6dc0-a8d5-a0369fe50396,Top 50 - France,2022-12-30,2021-09-04 00:28:48,Charts,50,2,9,5800.0,1528.0,0.285402039413785,0.810329019987505,0.886109938868089,[[0.11986886]],[[0.31017836]],821722
11e84493-6b0e-6dc0-a8d5-a0369fe50396,Top 50 - France,2023-01-06,2021-07-29 10:04:48,Charts,50,2,8,5392.0,1688.0,0.275796520673263,0.809665554020343,0.895046062493966,[[0.12708704]],[[0.30141822]],822481
11e84493-6b0e-6dc0-a8d5-a0369fe50396,Top 50 - France,2023-01-13,2022-02-10 05:16:48,Charts,50,3,10,3576.0,1432.0,0.438787959709432,0.861343415784357,0.89640012493027,[[0.20594531]],[[0.32547988]],823126
11e84493-6b0e-6dc0-a8d5-a0369fe50396,Top 50 - France,2023-01-20,2022-03-31 05:16:48,Charts,50,2,10,5968.0,1280.0,0.319140146884342,0.800124487965523,0.900424619030005,[[0.12867731]],[[0.33099575]],823901
11e84493-6b0e-6dc0-a8d5-a0369fe50396,Top 50 - France,2023-01-27,2022-03-30 10:33:36,Charts,50,2,6,6800.0,2256.0,0.376255076053031,0.717126290485879,0.912093509307431,[[0.12040162]],[[0.30138945]],824405
11e84493-6b0e-6dc0-a8d5-a0369fe50396,Top 50 - France,2023-02-03,2022-04-21 09:07:12,Charts,50,2,10,5648.0,1304.0,0.332132573545898,0.844515573626206,0.92870269796072,[[0.1445441]],[[0.34526733]],824810
11e84493-6b0e-6dc0-a8d5-a0369fe50396,Top 50 - France,2023-02-10,2022-04-19 13:55:12,Charts,50,2,10,5392.0,1368.0,0.299636035648787,0.77565862435142,0.906812813001174,[[0.13807229]],[[0.33033314]],825406
11e84493-6b0e-6dc0-a8d5-a0369fe50396,Top 50 - France,2023-02-17,2022-04-23 19:40:48,Charts,50,3,6,3448.0,2232.0,0.411837913997877,0.699196843484564,0.885150698337023,[[0.20085963]],[[0.28029124]],825746
11e84493-6b0e-6dc0-a8d5-a0369fe50396,Top 50 - France,2023-02-24,2022-12-08 08:09:36,Charts,50,2,8,7048.0,1488.0,0.368242343434598,0.710474547942267,0.881583836533277,[[0.10870514]],[[0.30829435]],826238
11e84493-6b0e-6dc0-a8d5-a0369fe50396,Top 50 - France,2023-03-03,2022-09-04 00:57:36,Charts,50,2,4,5128.0,2832.0,0.276130478015631,0.533165148251365,0.901195134143531,[[0.13453077]],[[0.24522072]],826670
11e84493-6b0e-6dc0-a8d5-a0369fe50396,Top 50 - France,2023-03-10,2022-09-10 21:07:12,Charts,50,2,9,5008.0,1480.0,0.281928941381588,0.711934011497209,0.90027023830441,[[0.14073893]],[[0.31834234]],826996
11e84493-6b0e-6dc0-a8d5-a0369fe50396,Top 50 - France,2023-03-17,2022-10-31 15:40:24,Charts,49,2,9,5918.36734693878,1370.26239067055,0.271396089165431,0.738054254730285,0.848321172005181,[[0.11077391]],[[0.30766262]],827339
11e84493-6b0e-6dc0-a8d5-a0369fe50396,Top 50 - France,2023-03-24,2022-09-29 18:14:24,Charts,50,2,9,5128.0,1640.0,0.252056977258517,0.813191981782275,0.876376764667835,[[0.12280216]],[[0.29652375]],827841
11e84493-6b0e-6dc0-a8d5-a0369fe50396,Top 50 - France,2023-03-31,2022-06-24 11:31:12,Charts,50,3,10,4584.0,1216.0,0.514147631667815,0.758960462654723,0.876724592743803,[[0.1768497]],[[0.32118891]],828153
11e84493-6b0e-6dc0-a8d5-a0369fe50396,Top 50 - France,2023-04-07,2022-05-11 02:24:00,Charts,50,2,5,5288.0,2968.0,0.285721542894448,0.677337944206368,0.8912607994823,[[0.13463199]],[[0.25383206]],828470
11e84493-6b0e-6dc0-a8d5-a0369fe50396,Top 50 - France,2023-04-14,2022-04-15 16:48:00,Charts,50,2,6,5392.0,2080.0,0.294129502611297,0.636415229782526,0.913090770763141,[[0.13553487]],[[0.28855243]],828779
11e84493-6b0e-6dc0-a8d5-a0369fe50396,Top 50 - France,2023-04-21,2022-11-22 08:38:24,Charts,50,3,9,3888.0,1464.0,0.493429691078419,0.823432919032717,0.948890207505266,[[0.22292495]],[[0.34126839]],829251
11e84493-6b0e-6dc0-a8d5-a0369fe50396,Top 50 - France,2023-04-28,2022-06-08 12:00:00,Charts,50,2,5,5288.0,2456.0,0.281936302923589,0.644121912421664,0.910271863284351,[[0.13284839]],[[0.2672407]],829850
11e84493-6b0e-6dc0-a8d5-a0369fe50396,Top 50 - France,2023-05-05,2022-09-24 05:16:48,Charts,50,2,6,5648.0,2256.0,0.28506024101468,0.770051795867762,0.882316753585487,[[0.12405822]],[[0.28563673]],830461
11e84493-6b0e-6dc0-a8d5-a0369fe50396,Top 50 - France,2023-05-12,2022-09-19 03:21:36,Charts,50,3,9,4392.0,1400.0,0.511790135353151,0.797856881638854,0.873086079955483,[[0.17854312]],[[0.31025206]],831000
11e84493-6b0e-6dc0-a8d5-a0369fe50396,Top 50 - France,2023-05-19,2022-09-18 13:26:24,Charts,50,2,9,5200.0,1400.0,0.276615448256259,0.768656912734161,0.915441119316212,[[0.13277542]],[[0.32819195]],831871
11e84493-6b0e-6dc0-a8d5-a0369fe50396,Top 50 - France,2023-05-26,2022-10-06 03:21:36,Charts,50,3,9,3384.0,1432.0,0.439434333356471,0.765328221201116,0.927804476820257,[[0.21631369]],[[0.33841925]],832478
11e84493-6b0e-6dc0-a8d5-a0369fe50396,Top 50 - France,2023-06-02,2022-10-22 07:12:00,Charts,50,4,4,2936.0,2936.0,0.56344420747523,0.56344420747523,0.912852506637802,[[0.24299345]],[[0.24299345]],833325
11e84493-6b0e-6dc0-a8d5-a0369fe50396,Top 50 - France,2023-06-09,2022-11-08 18:14:24,Charts,50,3,8,3464.0,1752.0,0.462510897242336,0.852156170380809,0.941441654852323,[[0.2225546]],[[0.33097895]],835504
11e84493-6b0e-6dc0-a8d5-a0369fe50396,Top 50 - France,2023-06-16,2022-11-07 17:16:48,Charts,50,2,5,5800.0,2256.0,0.310136676089742,0.614950958527627,0.936521514233351,[[0.1302574]],[[0.27574959]],836376
11e84493-6b0e-6dc0-a8d5-a0369fe50396,Top 50 - France,2023-06-23,2022-11-05 11:02:24,Charts,50,2,9,5128.0,1560.0,0.292827359935242,0.848651401585048,0.934395145715444,[[0.14266549]],[[0.33557267]],837139
11e84493-6b0e-6dc0-a8d5-a0369fe50396,Top 50 - France,2023-06-30,2022-11-07 00:57:36,Charts,50,3,7,3368.0,1648.0,0.451369395336205,0.707885277155786,0.930266426691145,[[0.22591569]],[[0.31791034]],837895
11e84493-6b0e-6dc0-a8d5-a0369fe50396,Top 50 - France,2023-07-07,2023-02-07 18:14:24,Charts,50,2,8,5392.0,1840.0,0.331246133886478,0.778720012415087,0.912567667873962,[[0.15263822]],[[0.30765615]],838759
11e84493-6b0e-6dc0-a8d5-a0369fe50396,Top 50 - France,2023-07-14,2022-12-14 12:28:48,Charts,50,3,8,3624.0,1440.0,0.463114955601751,0.739701786957661,0.913278812265493,[[0.21003293]],[[0.33020736]],839645
11e84493-6b0e-6dc0-a8d5-a0369fe50396,Top 50 - France,2023-07-21,2022-12-03 08:38:24,Charts,50,3,7,4136.0,1672.0,0.455395646380987,0.708802187876474,0.916392380931607,[[0.19970812]],[[0.30968551]],840491
11e84493-6b0e-6dc0-a8d5-a0369fe50396,Top 50 - France,2023-07-28,2022-11-23 22:04:48,Charts,50,3,10,3336.0,1400.0,0.452985575886019,0.85570051791252,0.933430268809805,[[0.22577547]],[[0.34542247]],841572
11e84493-6b0e-6dc0-a8d5-a0369fe50396,Top 50 - France,2023-08-04,2022-11-28 04:19:12,Charts,50,3,9,3912.0,1720.0,0.48760259812132,0.869445680965672,0.832892898285187,[[0.202291]],[[0.31165843]],842280
11e84493-6b0e-6dc0-a8d5-a0369fe50396,Top 50 - France,2023-08-11,2022-12-17 16:48:00,Charts,50,2,5,7048.0,2880.0,0.345379120761248,0.759741879883402,0.823272257301466,[[0.10195592]],[[0.24321931]],842997
11e84493-6b0e-6dc0-a8d5-a0369fe50396,Top 50 - France,2023-08-18,2022-12-27 04:48:00,Charts,50,2,4,5128.0,2744.0,0.306817406024514,0.544744147520305,0.941177790508432,[[0.14948144]],[[0.2576278]],843639
11e84493-6b0e-6dc0-a8d5-a0369fe50396,Top 50 - France,2023-08-25,2023-02-17 09:07:12,Charts,50,2,10,5200.0,1240.0,0.31397869950514,0.806520177868624,0.938435579984162,[[0.15070978]],[[0.34735996]],844423
11e84493-6b0e-6dc0-a8d5-a0369fe50396,Top 50 - France,2023-09-01,2023-01-10 06:43:12,Charts,50,3,10,3408.0,1584.0,0.437642483350098,0.862890637866412,0.926504462995138,[[0.21463295]],[[0.3314692]],845111
11e84493-6b0e-6dc0-a8d5-a0369fe50396,Top 50 - France,2023-09-08,2023-01-11 16:48:00,Charts,50,3,9,3368.0,1400.0,0.434666355197416,0.78756452630287,0.923293009086095,[[0.21506932]],[[0.33437776]],845846
11e84493-6b0e-6dc0-a8d5-a0369fe50396,Top 50 - France,2023-09-15,2023-04-22 01:57:33,Charts,49,2,9,5351.93669304456,1311.95335276968,0.346389577977542,0.771207206491839,0.945160697041847,[[0.16100407]],[[0.34389976]],846931
11e84493-6b0e-6dc0-a8d5-a0369fe50396,Top 50 - France,2023-09-22,2023-04-08 17:37:57,Charts,49,3,9,3544.35651811745,1386.92211578509,0.475969197927607,0.771041079004327,0.938854318441766,[[0.22617501]],[[0.34230632]],847572
11e84493-6b0e-6dc0-a8d5-a0369fe50396,Top 50 - France,2023-09-29,2023-02-06 11:15:55,Charts,49,4,4,3577.67596834652,3577.67596834652,0.674514218782535,0.674514218782535,0.895063939728619,[[0.23559746]],[[0.23559746]],848092
11e84493-6b0e-6dc0-a8d5-a0369fe50396,Top 50 - France,2023-10-06,2022-12-21 10:46:31,Charts,49,2,10,7850.89546022491,1353.60266555602,0.421086502683211,0.79185122650112,0.916893078660645,[[0.09049589]],[[0.344137]],848711
11e84493-6b0e-6dc0-a8d5-a0369fe50396,Top 50 - France,2023-10-13,2022-12-17 11:45:18,Charts,49,2,10,7551.02040816326,1445.23115368596,0.393252675298586,0.813049801547882,0.865353195060436,[[0.09630678]],[[0.31660785]],845142
11e84493-6b0e-6dc0-a8d5-a0369fe50396,Top 50 - France,2023-10-20,2022-12-15 01:57:33,Charts,49,2,8,5168.67971678467,1745.10620574761,0.282684805474161,0.740349977830204,0.861659363330183,[[0.13657408]],[[0.31360775]],844471
11e84493-6b0e-6dc0-a8d5-a0369fe50396,Top 50 - France,2023-10-27,2023-01-01 10:17:08,Charts,49,2,7,5251.97834235735,1928.3631820075,0.291876491551216,0.734196058478036,0.849985829160405,[[0.13858359]],[[0.2961431]],845018
11e84493-6b0e-6dc0-a8d5-a0369fe50396,Top 50 - France,2023-11-03,2021-10-07 16:09:47,Charts,49,2,9,7850.89546022491,1311.95335276968,0.447735939034863,0.718217352731421,0.853485555114971,[[0.09622313]],[[0.32758602]],845501
11e84493-6b0e-6dc0-a8d5-a0369fe50396,Top 50 - France,2023-11-10,2023-01-05 12:44:04,Charts,49,2,9,5168.67971678467,1453.56101624323,0.326451858261957,0.786832733049447,0.892258163426154,[[0.15771935]],[[0.3384068]],846209
11e84493-6b0e-6dc0-a8d5-a0369fe50396,Top 50 - France,2023-11-17,2023-01-08 03:55:06,Charts,49,3,8,4052.47813411079,1561.84922948771,0.557621143408402,0.735863091876016,0.874695150514425,[[0.20871584]],[[0.33222883]],846985
11e84493-6b0e-6dc0-a8d5-a0369fe50396,Top 50 - France,2023-11-24,2022-10-11 09:47:45,Charts,49,3,10,4002.49895876718,1336.94294044148,0.56142001076549,0.805932642826715,0.884329978001572,[[0.21326257]],[[0.34518327]],848416
11e84493-6b0e-6dc0-a8d5-a0369fe50396,Top 50 - France,2023-12-01,2022-03-13 03:55:06,Charts,49,2,8,7001.24947938359,1603.49854227405,0.400968619884854,0.762360383092487,0.904914953415126,[[0.12024049]],[[0.33767041]],848818
11e84493-6b0e-6dc0-a8d5-a0369fe50396,Top 50 - France,2023-12-08,2022-08-16 07:50:12,Charts,49,2,7,7001.24947938359,1678.46730528946,0.415099631382783,0.742446393707559,0.9208293125666,[[0.12447802]],[[0.33020658]],849188
11e84493-6b0e-6dc0-a8d5-a0369fe50396,Top 50 - France,2023-12-15,2022-12-20 00:57:36,Charts,50,2,9,5512.0,1344.0,0.310547348399188,0.846844972119716,0.92179971099786,[[0.13937365]],[[0.33671639]],849814
11e84493-6b0e-6dc0-a8d5-a0369fe50396,Top 50 - France,2023-12-22,2022-10-21 23:31:12,Charts,50,3,9,3944.0,1448.0,0.498129752763839,0.826351575641617,0.904391706520804,[[0.20624844]],[[0.3360477]],850225
11e84493-6b0e-6dc0-a8d5-a0369fe50396,Top 50 - France,2023-12-29,2022-10-05 19:35:30,Charts,49,3,7,4077.46772178259,1861.72428154935,0.504374981913256,0.748221026076614,0.894078617477644,[[0.21090923]],[[0.31148642]],850552
11e84493-6b0e-6dc0-a8d5-a0369fe50396,Top 50 - France,2024-01-05,2023-01-06 17:08:34,Charts,49,2,9,5251.97834235735,1453.56101624323,0.325986586301439,0.760113541315482,0.8887487707647,[[0.15477914]],[[0.33308378]],851033
11e84493-6b0e-6dc0-a8d5-a0369fe50396,Top 50 - France,2024-01-12,2023-04-02 16:39:11,Charts,49,2,7,5351.93669304456,1645.14785506039,0.326256001543067,0.685567610111025,0.881451370435584,[[0.15164585]],[[0.31540309]],847407
11e84493-6b0e-6dc0-a8d5-a0369fe50396,Top 50 - France,2024-01-19,2023-01-15 14:41:37,Charts,49,3,10,4169.09620991254,1187.00541441066,0.547741778918968,0.751628241775258,0.875826811346179,[[0.2050489]],[[0.33401482]],844576
11e84493-6b0e-6dc0-a8d5-a0369fe50396,Top 50 - France,2024-01-26,2023-01-22 02:26:56,Charts,49,4,8,3352.76967930029,1620.15826738859,0.603706047919151,0.743591209068604,0.876771968046974,[[0.24252714]],[[0.31846939]],843938
11e84493-6b0e-6dc0-a8d5-a0369fe50396,Top 50 - France,2024-02-02,2023-01-18 12:14:41,Charts,49,3,9,4185.75593502707,1361.93252811329,0.461436910636678,0.802004007833821,0.87540269066769,[[0.19961388]],[[0.32117952]],842118
11e84493-6b0e-6dc0-a8d5-a0369fe50396,Top 50 - France,2024-02-09,2023-02-17 22:02:26,Charts,49,3,9,4052.47813411079,1436.9012911287,0.438857690101646,0.823925053930544,0.864941556531404,[[0.19212996]],[[0.31449574]],841733
11e84493-6b0e-6dc0-a8d5-a0369fe50396,Top 50 - France,2024-02-16,2023-03-20 11:45:18,Charts,49,4,6,3136.19325281133,2069.97084548105,0.640143296076415,0.703706279928025,0.921771608208069,[[0.25773327]],[[0.30183227]],842319
11e84493-6b0e-6dc0-a8d5-a0369fe50396,Top 50 - France,2024-02-23,2023-08-11 00:00:00,Charts,49,4,6,2753.01957517701,1928.3631820075,0.598833088511328,0.666103763766071,0.865935593888435,[[0.25611745]],[[0.29421512]],842743
11e84493-6b0e-6dc0-a8d5-a0369fe50396,Top 50 - France,2024-03-01,2023-07-23 03:25:42,Charts,49,2,8,5002.08246563932,1653.47771761766,0.323436669357063,0.804053661640923,0.882047333411863,[[0.16165098]],[[0.32164493]],843175
11e84493-6b0e-6dc0-a8d5-a0369fe50396,Top 50 - France,2024-03-08,2023-08-04 12:14:41,Charts,49,2,8,5102.04081632653,1428.57142857143,0.346977844768061,0.748575833577496,0.953169697873039,[[0.16994833]],[[0.34523086]],843499
11e84493-6b0e-6dc0-a8d5-a0369fe50396,Top 50 - France,2024-03-15,2023-08-07 06:22:02,Charts,49,3,8,3952.51978342357,1345.27280299875,0.566398113311157,0.735817346853298,0.936041772297684,[[0.2292761]],[[0.34705052]],843719
11e84493-6b0e-6dc0-a8d5-a0369fe50396,Top 50 - France,2024-03-22,2023-07-09 19:06:07,Charts,49,2,10,5351.93669304456,1345.27280299875,0.328005318976256,0.827888412821501,0.941224139321191,[[0.15245895]],[[0.34465105]],843946
11e84493-6b0e-6dc0-a8d5-a0369fe50396,Top 50 - France,2024-03-29,2023-06-02 21:03:40,Charts,49,3,5,3785.92253227822,2311.53685964182,0.502383506803871,0.64629874737387,0.964898983819138,[[0.21658909]],[[0.28190561]],844215
11e84493-6b0e-6dc0-a8d5-a0369fe50396,Top 50 - France,2024-04-05,2023-07-14 16:09:47,Charts,49,2,8,5468.55476884631,1570.17909204498,0.326193973196096,0.799822796673237,0.970416249848667,[[0.14781301]],[[0.33123175]],844504
11e84493-6b0e-6dc0-a8d5-a0369fe50396,Top 50 - France,2024-04-12,2023-04-29 00:29:23,Charts,49,4,9,2553.10287380258,1403.58184089963,0.556522220694449,0.852853972861374,0.977734558377565,[[0.27321601]],[[0.34572206]],844749
11e84493-6b0e-6dc0-a8d5-a0369fe50396,Top 50 - France,2024-04-19,2023-08-30 06:51:25,Charts,49,2,10,5168.67971678467,1195.33527696793,0.29551039447225,0.775840309994017,0.932007771715328,[[0.14277054]],[[0.33826264]],842166
11e84493-6b0e-6dc0-a8d5-a0369fe50396,Top 50 - France,2024-04-26,2023-09-09 01:28:09,Charts,49,3,8,3386.08912952936,1503.54019158684,0.452490581888781,0.780371183286661,0.956035759830588,[[0.22291349]],[[0.32855205]],837314
11e84493-6b0e-6dc0-a8d5-a0369fe50396,Top 50 - France,2024-05-03,2023-04-30 05:52:39,Charts,49,2,8,5102.04081632653,1745.10620574761,0.287832505427677,0.798276994339311,0.906590897042462,[[0.14097919]],[[0.31129127]],836732
11e84493-6b0e-6dc0-a8d5-a0369fe50396,Top 50 - France,2024-05-10,2023-05-08 19:06:07,Charts,49,3,6,3802.58225739275,2128.27988338192,0.439097800820575,0.723685827840111,0.898185269842869,[[0.20089844]],[[0.28263171]],837200
11e84493-6b0e-6dc0-a8d5-a0369fe50396,Top 50 - France,2024-05-17,2023-10-26 18:43:12,Charts,50,3,10,3344.0,1168.0,0.455820221709136,0.789089046301436,0.938378209285486,[[0.22697954]],[[0.34355938]],837907
11e84493-6b0e-6dc0-a8d5-a0369fe50396,Top 50 - France,2024-05-24,2023-11-05 04:48:00,Charts,50,4,10,2776.0,1200.0,0.549307998333646,0.77452837724605,0.940741841851027,[[0.26080566]],[[0.34117261]],838515
11e84493-6b0e-6dc0-a8d5-a0369fe50396,Top 50 - France,2024-05-31,2023-11-13 12:00:00,Charts,50,3,8,3384.0,1456.0,0.472638591934777,0.745990011994547,0.96395907218311,[[0.235951]],[[0.33427802]],839343
11e84493-6b0e-6dc0-a8d5-a0369fe50396,Top 50 - France,2024-06-07,2023-12-10 13:55:12,Charts,50,4,10,2584.0,1224.0,0.531535683623147,0.777724726141426,0.944998286643747,[[0.26002934]],[[0.34246935]],839819
11e84493-6b0e-6dc0-a8d5-a0369fe50396,Top 50 - France,2024-06-14,2023-11-30 01:26:24,Charts,50,2,6,5128.0,1864.0,0.31026665732243,0.63293260522213,0.948883443280303,[[0.15116192]],[[0.29924726]],840237
11e84493-6b0e-6dc0-a8d5-a0369fe50396,Top 50 - France,2024-06-21,2023-11-16 05:52:39,Charts,49,3,4,4518.95043731778,2902.95710120783,0.545074242717557,0.552062579673564,0.921036718535593,[[0.18929197]],[[0.24051274]],840655
11e84493-6b0e-6dc0-a8d5-a0369fe50396,Top 50 - France,2024-06-28,2023-11-23 03:21:36,Charts,50,2,8,5072.0,1440.0,0.311644241602655,0.786184614381675,0.906304410508613,[[0.15357828]],[[0.31005257]],841097
11e84493-6b0e-6dc0-a8d5-a0369fe50396,Top 50 - France,2024-07-05,2023-07-01 01:26:24,Charts,50,2,8,5032.0,1576.0,0.298478146634888,0.85637801420914,0.877747809209071,[[0.14828394]],[[0.30857557]],841601
11e84493-6b0e-6dc0-a8d5-a0369fe50396,Top 50 - France,2024-07-12,2023-11-08 04:48:00,Charts,50,3,10,3496.0,1376.0,0.420617627278477,0.904842681549623,0.873552263866712,[[0.20353525]],[[0.32113391]],842292
11e84493-6b0e-6dc0-a8d5-a0369fe50396,Top 50 - France,2024-07-19,2023-11-23 04:48:00,Charts,50,3,10,3408.0,1312.0,0.414597450066608,0.866236916611208,0.871694201245471,[[0.20429661]],[[0.3278876]],843039
11e84493-6b0e-6dc0-a8d5-a0369fe50396,Top 50 - France,2024-07-26,2023-12-26 18:14:24,Charts,50,2,9,5008.0,2088.0,0.274590677617163,0.908540938638687,0.843595542137937,[[0.13707567]],[[0.28952351]],844454
11e84493-6b0e-6dc0-a8d5-a0369fe50396,Top 50 - France,2024-08-02,2023-12-17 09:36:00,Charts,50,3,9,3464.0,1496.0,0.423096505533928,0.803460852911143,0.9040251868378,[[0.20902458]],[[0.32145626]],845705
11e84493-6b0e-6dc0-a8d5-a0369fe50396,Top 50 - France,2024-08-09,2023-12-25 03:50:24,Charts,50,3,9,3544.0,1448.0,0.418196741586827,0.824646101555906,0.869650906644391,[[0.19755222]],[[0.31794978]],846475
11e84493-6b0e-6dc0-a8d5-a0369fe50396,Top 50 - France,2024-08-16,2023-09-06 13:26:24,Charts,50,2,10,5800.0,1328.0,0.307844171415543,0.850431510732248,0.883452323332421,[[0.12929455]],[[0.3346371]],847217
11e84493-6b0e-6dc0-a8d5-a0369fe50396,Top 50 - France,2024-08-23,2023-09-01 23:02:24,Charts,50,3,3,3528.0,3528.0,0.429669849323822,0.429669849323822,0.903076956119926,[[0.20168311]],[[0.20168311]],847992
11e84493-6b0e-6dc0-a8d5-a0369fe50396,Top 50 - France,2024-08-30,2024-01-03 02:30:00,Charts,48,2,7,5034.72222222222,1718.75,0.287568812130141,0.770217068109015,0.929094861899943,[[0.1427859]],[[0.31042675]],848707
11e84493-6b0e-6dc0-a8d5-a0369fe50396,Top 50 - France,2024-09-06,2024-01-08 04:00:00,Charts,48,3,6,4644.09722222222,2421.875,0.694739640458894,0.834566543418717,0.91460695268536,[[0.18043471]],[[0.28278637]],849462
11e84493-6b0e-6dc0-a8d5-a0369fe50396,Top 50 - France,2024-09-13,2024-01-22 12:14:41,Charts,49,2,9,5601.8325697626,1436.9012911287,0.292341871291238,0.836008836698459,0.896433616930881,[[0.12857685]],[[0.31745094]],850018
11e84493-6b0e-6dc0-a8d5-a0369fe50396,Top 50 - France,2024-09-20,2023-11-25 07:00:00,Charts,48,3,5,3602.43055555555,2326.38888888889,0.463606637344781,0.689471599756132,0.947882765637032,[[0.21655971]],[[0.27702041]],850679
11e84493-6b0e-6dc0-a8d5-a0369fe50396,Top 50 - France,2024-09-27,2023-12-28 07:20:48,Charts,49,2,2,5018.74219075385,5018.74219075385,0.308721901335439,0.308721901335439,0.917167094305933,[[0.15378234]],[[0.15378234]],851222
11e84493-6b26-e814-a42e-a0369fe50396,Viral 50 - France,2021-10-01,2020-10-18 17:18:08,Charts,43,3,7,4461.87128177393,2093.02325581395,0.547335630669953,0.901340164773091,0.949309677369455,[[0.22766027]],[[0.34102854]],66695
11e84493-6b26-e814-a42e-a0369fe50396,Viral 50 - France,2021-10-08,2019-07-05 02:10:54,Charts,44,2,10,6487.60330578512,1332.64462809917,0.444591564087917,0.83047176968492,0.961145341749692,[[0.15615819]],[[0.37565772]],66725
11e84493-6b26-e814-a42e-a0369fe50396,Viral 50 - France,2021-10-15,2021-03-12 17:36:00,Charts,45,2,8,6543.20987654321,1861.72839506173,0.424606833508426,0.894523552293587,0.92873854244546,[[0.14677767]],[[0.33959835]],66750
11e84493-6b26-e814-a42e-a0369fe50396,Viral 50 - France,2021-10-22,2020-09-14 12:16:44,Charts,43,2,6,5976.20335316387,2103.83991346674,0.361933736416307,0.915449011216592,0.849055955632139,[[0.14563478]],[[0.31112308]],66787
11e84493-6b26-e814-a42e-a0369fe50396,Viral 50 - France,2021-10-29,2019-12-29 13:48:00,Charts,40,2,10,6012.5,1500.0,0.38055498375087,0.990168655752066,0.930602028569477,[[0.1517463]],[[0.35355537]],66807
11e84493-6b26-e814-a42e-a0369fe50396,Viral 50 - France,2021-11-05,2019-01-26 02:51:25,Charts,42,3,10,4024.9433106576,1337.86848072562,0.614425075788734,0.940847270354099,0.972626261663299,[[0.25757763]],[[0.38648447]],66851
11e84493-6b26-e814-a42e-a0369fe50396,Viral 50 - France,2021-11-12,2020-09-10 16:36:55,Charts,39,2,6,5950.0328731098,2294.54306377383,0.399718125468792,0.857740672940827,0.934637168802274,[[0.16188453]],[[0.32118857]],66880
11e84493-6b26-e814-a42e-a0369fe50396,Viral 50 - France,2021-11-19,2020-10-25 21:08:34,Charts,42,2,7,5283.44671201814,1848.07256235828,0.375168167790357,0.884328116714929,0.960303317430366,[[0.17695007]],[[0.34854856]],66893
11e84493-6b26-e814-a42e-a0369fe50396,Viral 50 - France,2021-11-26,2020-11-21 13:05:27,Charts,44,5,8,2035.12396694215,1652.89256198347,0.641586689922343,0.871124150569909,0.955852365060213,[[0.31450812]],[[0.34384035]],66922
11e84493-6b26-e814-a42e-a0369fe50396,Viral 50 - France,2021-12-03,2018-12-05 22:26:05,Charts,46,2,8,5604.91493383743,1625.70888468809,0.38511076351189,0.897473691660704,0.960154027372142,[[0.16925946]],[[0.36678864]],66971
11e84493-6b26-e814-a42e-a0369fe50396,Viral 50 - France,2021-12-10,2020-02-24 02:08:00,Charts,45,2,10,6306.17283950617,1407.40740740741,0.399418837245797,0.944162754025392,0.993064439714106,[[0.14753841]],[[0.38651398]],66991
11e84493-6b26-e814-a42e-a0369fe50396,Viral 50 - France,2021-12-17,2020-04-24 07:00:00,Charts,48,3,9,5703.125,1484.375,0.682416126822339,0.91904765138448,1.00526067400766,[[0.2023263]],[[0.38478558]],67052
11e84493-6b26-e814-a42e-a0369fe50396,Viral 50 - France,2021-12-24,2021-03-29 07:20:48,Charts,49,2,6,5918.36734693878,1811.74510620575,0.394707565155815,0.756268794335238,0.969520426230052,[[0.16110513]],[[0.34521513]],67096
11e84493-6b26-e814-a42e-a0369fe50396,Viral 50 - France,2021-12-31,2020-09-09 00:00:00,Charts,50,3,6,4600.0,2288.0,0.661667784440825,0.806257008191063,0.977867300950426,[[0.23401501]],[[0.34819664]],67131
11e84493-6b26-e814-a42e-a0369fe50396,Viral 50 - France,2022-01-07,2020-05-31 07:00:00,Charts,48,2,5,6467.01388888889,2838.54166666667,0.384238851273231,0.781196792133933,1.02439238180371,[[0.13575105]],[[0.32193041]],67169
11e84493-6b26-e814-a42e-a0369fe50396,Viral 50 - France,2022-01-14,2020-06-24 07:30:00,Charts,48,3,7,3567.70833333333,1753.47222222222,0.496072469557274,0.825652837540692,1.00042698909995,[[0.23670101]],[[0.35292558]],67210
11e84493-6b26-e814-a42e-a0369fe50396,Viral 50 - France,2022-01-21,2020-07-05 23:01:13,Charts,49,3,7,3810.91211995002,2211.5785089546,0.491121023057318,0.840551703551135,0.951117128708913,[[0.22259994]],[[0.3263195]],67236
11e84493-6b26-e814-a42e-a0369fe50396,Viral 50 - France,2022-01-28,2019-07-29 11:12:00,Charts,45,5,5,2622.22222222222,2622.22222222222,0.693823708712402,0.693823708712402,0.952555188101501,[[0.28766923]],[[0.28766923]],67283
11e84493-6b26-e814-a42e-a0369fe50396,Viral 50 - France,2022-02-04,2019-10-23 03:12:00,Charts,45,2,5,5200.0,2592.59259259259,0.328579720946484,0.725493833001286,1.00419101512045,[[0.15771827]],[[0.31628969]],67307
11e84493-6b26-e814-a42e-a0369fe50396,Viral 50 - France,2022-02-11,2020-02-14 04:00:00,Charts,42,2,5,5283.44671201814,2301.5873015873,0.322759907103888,0.663597016661988,0.971522949975081,[[0.15223143]],[[0.30217923]],67337
11e84493-6b26-e814-a42e-a0369fe50396,Viral 50 - France,2022-02-18,2020-02-13 21:52:00,Charts,45,2,10,5713.58024691358,1367.9012345679,0.326670765636979,0.923901435563888,0.941074086722293,[[0.1400248]],[[0.36256975]],67356
11e84493-6b26-e814-a42e-a0369fe50396,Viral 50 - France,2022-02-25,2019-10-14 17:21:42,Charts,47,3,7,4006.33770937076,1688.54685377999,0.514115309950383,0.8441218469268,0.893921689843989,[[0.22353597]],[[0.31225894]],67406
11e84493-6b26-e814-a42e-a0369fe50396,Viral 50 - France,2022-03-04,2019-02-13 06:00:00,Charts,48,2,8,6050.34722222222,1857.63888888889,0.358249312159035,0.871634399220526,0.895533669265718,[[0.14149604]],[[0.31747684]],67439
11e84493-6b26-e814-a42e-a0369fe50396,Viral 50 - France,2022-03-11,2018-09-29 14:36:31,Charts,46,3,10,4659.73534971645,1219.28166351607,0.629271941353602,0.879281722702931,0.950743612194216,[[0.23408556]],[[0.37326967]],67450
11e84493-6b26-e814-a42e-a0369fe50396,Viral 50 - France,2022-03-18,2020-04-02 12:32:43,Charts,44,4,4,3006.19834710744,3006.19834710744,0.813394003202409,0.813394003202409,0.974847836229799,[[0.29681651]],[[0.29681651]],67490
11e84493-6b26-e814-a42e-a0369fe50396,Viral 50 - France,2022-03-25,2020-11-26 02:40:00,Charts,45,2,6,6088.88888888889,2345.67901234568,0.484576913170252,0.876117430260656,0.962698097351597,[[0.18952341]],[[0.3455395]],67511
11e84493-6b26-e814-a42e-a0369fe50396,Viral 50 - France,2022-04-01,2020-08-27 15:25:42,Charts,42,3,7,3548.75283446712,1655.32879818594,0.529406843265734,0.784446375116214,0.930655674878625,[[0.25340272]],[[0.3431267]],67534
11e84493-6b26-e814-a42e-a0369fe50396,Viral 50 - France,2022-04-08,2021-08-10 01:06:58,Charts,43,3,10,3704.70524607896,1357.49053542455,0.576376242926751,0.916525211875224,1.00976814063605,[[0.26798909]],[[0.40134709]],67555
11e84493-6b26-e814-a42e-a0369fe50396,Viral 50 - France,2022-04-15,2021-12-23 12:34:17,Charts,42,2,9,5918.36734693878,1360.54421768707,0.427889754795254,0.912212475399338,0.954555882508055,[[0.17464888]],[[0.37539639]],67579
11e84493-6b26-e814-a42e-a0369fe50396,Viral 50 - France,2022-04-22,2021-11-18 22:21:49,Charts,44,3,10,4225.20661157025,1373.96694214876,0.650657290456135,0.925774474999836,0.9771371878778,[[0.25285922]],[[0.38711633]],67635
11e84493-6b26-e814-a42e-a0369fe50396,Viral 50 - France,2022-04-29,2021-03-20 01:38:10,Charts,44,3,10,4183.88429752066,1477.27272727273,0.623027334182148,0.911322467473699,0.929135529445759,[[0.22323035]],[[0.3578807]],67652
11e84493-6b26-e814-a42e-a0369fe50396,Viral 50 - France,2022-05-06,2021-12-02 10:26:05,Charts,46,2,5,5765.595463138,3109.64083175803,0.3483566095082,0.714216870943937,0.911732535230464,[[0.14750828]],[[0.2859773]],67704
11e84493-6b26-e814-a42e-a0369fe50396,Viral 50 - France,2022-05-13,2020-04-03 22:56:00,Charts,45,2,9,5002.46913580247,1535.8024691358,0.329900805965916,0.845826698439578,0.929861588061505,[[0.16486895]],[[0.34729874]],67749
11e84493-6b26-e814-a42e-a0369fe50396,Viral 50 - France,2022-05-20,2020-04-26 07:39:34,Charts,47,2,4,5273.87958352196,2621.09551833409,0.337018918640891,0.567207123613243,0.973176559518708,[[0.1592792]],[[0.27811095]],67799
11e84493-6b26-e814-a42e-a0369fe50396,Viral 50 - France,2022-05-27,2019-04-24 18:40:00,Charts,45,4,8,2641.97530864198,1555.55555555556,0.593814852238791,0.837440296853287,0.999411656838339,[[0.27940169]],[[0.36712693]],67842
11e84493-6b26-e814-a42e-a0369fe50396,Viral 50 - France,2022-06-03,2018-05-09 01:42:51,Charts,42,2,10,5102.04081632653,1190.47619047619,0.334578361865738,0.885311857310979,1.01798857822749,[[0.16387512]],[[0.39161308]],67882
11e84493-6b26-e814-a42e-a0369fe50396,Viral 50 - France,2022-06-10,2017-11-19 19:12:00,Charts,45,2,5,5061.72839506173,2138.27160493827,0.317564595558118,0.650186916154498,0.978366582464543,[[0.15682202]],[[0.30786692]],67925
11e84493-6b26-e814-a42e-a0369fe50396,Viral 50 - France,2022-06-17,2020-10-17 20:52:10,Charts,46,3,10,3468.80907372401,1351.60680529301,0.487970391975472,0.860133488194633,0.942139848298175,[[0.2314723]],[[0.3581027]],67959
11e84493-6b26-e814-a42e-a0369fe50396,Viral 50 - France,2022-06-24,2020-07-19 11:09:46,Charts,43,3,9,4472.68793942672,1995.67333693889,0.618220002006282,0.987177471803695,0.92181454557874,[[0.19679168]],[[0.34090133]],67980
11e84493-6b26-e814-a42e-a0369fe50396,Viral 50 - France,2022-07-01,2021-01-12 08:00:00,Charts,39,3,3,4372.12360289283,4372.12360289283,0.640120869887199,0.640120869887199,1.03044045905133,[[0.22842719]],[[0.22842719]],68000
11e84493-6b26-e814-a42e-a0369fe50396,Viral 50 - France,2022-07-08,2020-06-09 15:07:49,Charts,46,2,7,5009.45179584121,1984.87712665406,0.327990383170256,0.799230468560123,0.984326555856366,[[0.16368518]],[[0.32933575]],68052
11e84493-6b26-e814-a42e-a0369fe50396,Viral 50 - France,2022-07-15,2020-05-16 20:43:38,Charts,44,2,8,5258.26446280992,1735.53719008264,0.338600512178701,0.958418489258691,0.974171195641469,[[0.16055541]],[[0.34099067]],68075
11e84493-6b26-e814-a42e-a0369fe50396,Viral 50 - France,2022-07-22,2020-09-12 22:26:05,Charts,46,2,4,5037.80718336484,2750.47258979206,0.303661352001111,0.536310569751699,0.911612354027705,[[0.15068262]],[[0.25292086]],68126
11e84493-6b26-e814-a42e-a0369fe50396,Viral 50 - France,2022-07-29,2021-01-11 16:41:44,Charts,46,2,6,5000.0,2741.02079395085,0.271245024531773,0.880692983983649,0.896780119984997,[[0.13562251]],[[0.2711983]],68153
11e84493-6b26-e814-a42e-a0369fe50396,Viral 50 - France,2022-08-05,2020-12-15 14:05:13,Charts,46,3,5,4413.98865784499,2797.73156899811,0.584040796646177,0.834514332255546,0.900557604209858,[[0.19731405]],[[0.26311379]],68215
11e84493-6b26-e814-a42e-a0369fe50396,Viral 50 - France,2022-08-12,2020-10-30 00:00:00,Charts,44,2,6,5661.15702479339,2303.71900826446,0.336236393077394,0.872679091625781,0.94338917936761,[[0.14588769]],[[0.30643963]],68267
11e84493-6b26-e814-a42e-a0369fe50396,Viral 50 - France,2022-08-19,2022-01-27 18:53:37,Charts,47,2,9,5002.26346763241,2014.48619284744,0.296090090954054,0.897256994417186,0.901052281240127,[[0.14797803]],[[0.32140029]],68292
11e84493-6b26-e814-a42e-a0369fe50396,Viral 50 - France,2022-08-26,2022-01-31 11:30:00,Charts,48,2,6,5425.34722222222,2161.45833333333,0.317449712080373,0.74928605366012,0.903615534523254,[[0.14522222]],[[0.28762033]],68345
11e84493-6b26-e814-a42e-a0369fe50396,Viral 50 - France,2022-09-02,2022-05-05 15:00:00,Charts,48,2,10,5217.01388888889,1380.20833333333,0.313465775904202,0.869652241067759,0.917931171530351,[[0.14993025]],[[0.35400721]],68345
11e84493-6b26-e814-a42e-a0369fe50396,Viral 50 - France,2022-09-09,2022-04-17 18:40:00,Charts,45,2,7,5891.35802469136,1911.11111111111,0.321778226956839,0.848568143738991,0.896684604273613,[[0.13220715]],[[0.31612136]],68315
11e84493-6b26-e814-a42e-a0369fe50396,Viral 50 - France,2022-09-16,2021-04-08 19:38:10,Charts,44,4,9,2572.31404958678,1518.59504132231,0.546972331112354,0.85286642502875,0.931605165980847,[[0.26672691]],[[0.34278915]],68351
11e84493-6b26-e814-a42e-a0369fe50396,Viral 50 - France,2022-09-23,2022-03-25 13:47:14,Charts,47,3,10,5165.23313716614,1163.42236306021,0.617327266557847,0.880526904536831,0.975866267566389,[[0.21176509]],[[0.38796043]],68414
11e84493-6b26-e814-a42e-a0369fe50396,Viral 50 - France,2022-09-30,2022-03-28 19:44:00,Charts,45,2,6,6088.88888888889,2938.27160493827,0.407588526970189,0.892442368505115,0.995657387881918,[[0.1594124]],[[0.32604321]],68427
11e84493-6b26-e814-a42e-a0369fe50396,Viral 50 - France,2022-10-07,2021-08-08 00:32:43,Charts,44,2,8,6250.0,1559.9173553719,0.40581677581856,0.919109290557538,1.0420847789362,[[0.15218129]],[[0.37938547]],68435
11e84493-6b26-e814-a42e-a0369fe50396,Viral 50 - France,2022-10-14,2022-06-05 12:00:00,Charts,46,2,9,5340.26465028355,1417.76937618147,0.37565000317461,0.975061482945107,1.02261625056843,[[0.17504296]],[[0.39165135]],68445
11e84493-6b26-e814-a42e-a0369fe50396,Viral 50 - France,2022-10-21,2019-07-29 02:05:13,Charts,46,2,9,5000.0,1512.28733459357,0.339048230603077,0.908032060922465,1.02948117811418,[[0.16952412]],[[0.39010767]],68471
11e84493-6b26-e814-a42e-a0369fe50396,Viral 50 - France,2022-10-28,2021-03-18 08:43:38,Charts,44,3,5,3915.28925619835,2221.07438016529,0.624746977812361,0.751056184065072,1.05072541878554,[[0.25908973]],[[0.34887806]],68485
11e84493-6b26-e814-a42e-a0369fe50396,Viral 50 - France,2022-11-04,2020-04-05 06:24:00,Charts,45,3,10,3758.02469135802,1160.49382716049,0.592070854340296,0.898905265738792,1.0246564959134,[[0.25868385]],[[0.40447442]],68550
11e84493-6b26-e814-a42e-a0369fe50396,Viral 50 - France,2022-11-11,2022-01-20 07:39:34,Charts,47,5,8,2313.26392032594,1480.30783159801,0.709800295334533,0.823646082143226,1.03590333857016,[[0.33181773]],[[0.38468473]],68592
11e84493-6b26-e814-a42e-a0369fe50396,Viral 50 - France,2022-11-18,2022-05-28 15:30:00,Charts,48,2,10,5425.34722222222,1380.20833333333,0.370292322809702,0.940810636796911,1.01210717080836,[[0.16939588]],[[0.3897582]],68601
11e84493-6b26-e814-a42e-a0369fe50396,Viral 50 - France,2022-11-25,2022-06-25 00:58:46,Charts,49,3,10,3411.07871720117,1436.9012911287,0.493453023037416,0.968277936347428,0.930362863233439,[[0.23589178]],[[0.35727516]],68651
11e84493-6b26-e814-a42e-a0369fe50396,Viral 50 - France,2022-12-02,2021-03-27 01:28:09,Charts,49,2,5,6301.54102457309,2561.43273635985,0.429346817952466,0.759108414483866,0.964291738509261,[[0.15879216]],[[0.31264685]],68679
11e84493-6b26-e814-a42e-a0369fe50396,Viral 50 - France,2022-12-09,2019-06-04 23:00:00,Charts,48,2,4,5868.05555555556,3255.20833333333,0.411443128205314,0.700773679585626,0.969033040179545,[[0.17000601]],[[0.29015532]],68697
11e84493-6b26-e814-a42e-a0369fe50396,Viral 50 - France,2022-12-16,2020-08-22 08:48:58,Charts,49,2,7,6751.35360266555,1945.02290712203,0.447867372046847,0.939497482296783,0.991067639423368,[[0.14549627]],[[0.35663725]],68721
11e84493-6b26-e814-a42e-a0369fe50396,Viral 50 - France,2022-12-23,2019-02-15 02:24:00,Charts,50,3,8,4024.0,1696.0,0.553239274395691,0.935489017214114,0.958532853116118,[[0.22485772]],[[0.3577422]],68752
11e84493-6b26-e814-a42e-a0369fe50396,Viral 50 - France,2022-12-30,2018-08-17 01:55:12,Charts,50,2,6,5968.0,1792.0,0.370766902044499,0.695888962838809,0.958010608785263,[[0.14949321]],[[0.32092865]],68784
11e84493-6b26-e814-a42e-a0369fe50396,Viral 50 - France,2023-01-06,2019-04-04 19:12:00,Charts,50,2,5,5288.0,2472.0,0.300110359630124,0.704239810171778,0.926603429671043,[[0.141412]],[[0.27885672]],68806
11e84493-6b26-e814-a42e-a0369fe50396,Viral 50 - France,2023-01-13,2021-06-30 04:48:00,Charts,50,3,9,3944.0,1728.0,0.52695856858554,0.989202661108961,0.981870427219445,[[0.21995551]],[[0.35006758]],68833
11e84493-6b26-e814-a42e-a0369fe50396,Viral 50 - France,2023-01-20,2020-08-22 19:12:00,Charts,50,2,6,5800.0,1944.0,0.35949002003561,0.776318333507829,1.00893804155438,[[0.15098581]],[[0.33947288]],68867
11e84493-6b26-e814-a42e-a0369fe50396,Viral 50 - France,2023-01-27,2021-08-02 11:44:40,Charts,47,2,8,7772.74784970575,1679.49298325034,0.501825099719778,0.875028339799341,0.979742877431449,[[0.1117691]],[[0.35791588]],68890
11e84493-6b26-e814-a42e-a0369fe50396,Viral 50 - France,2023-02-03,2021-12-19 03:50:24,Charts,50,2,8,5072.0,1672.0,0.29789320464146,0.87183758013051,0.97543757947206,[[0.14680177]],[[0.33500859]],68904
11e84493-6b26-e814-a42e-a0369fe50396,Viral 50 - France,2023-02-10,2021-05-10 01:26:24,Charts,50,2,7,5392.0,1888.0,0.354034311478929,0.908643059769128,0.966310844831828,[[0.16313901]],[[0.34419318]],68927
11e84493-6b26-e814-a42e-a0369fe50396,Viral 50 - France,2023-02-17,2021-01-27 12:28:48,Charts,50,3,9,4024.0,1344.0,0.54237945015963,0.83583027333235,1.01261414053469,[[0.22393412]],[[0.38333863]],68958
11e84493-6b26-e814-a42e-a0369fe50396,Viral 50 - France,2023-02-24,2020-11-29 18:14:24,Charts,50,2,7,5648.0,1648.0,0.34993643773881,0.81528174325811,1.00669521369076,[[0.15229234]],[[0.36573415]],69000
11e84493-6b26-e814-a42e-a0369fe50396,Viral 50 - France,2023-03-03,2020-12-05 13:55:12,Charts,50,4,9,3016.0,1264.0,0.651058008329285,0.800341563623657,0.995473407456181,[[0.27748492]],[[0.37893307]],69027
11e84493-6b26-e814-a42e-a0369fe50396,Viral 50 - France,2023-03-10,2021-07-11 07:12:00,Charts,50,3,7,3504.0,1624.0,0.505701483613026,0.8131135431621,1.01768244901519,[[0.23947785]],[[0.35831922]],68990
11e84493-6b26-e814-a42e-a0369fe50396,Viral 50 - France,2023-03-17,2022-02-23 21:07:12,Charts,50,3,5,4688.0,2248.0,0.664300117210965,0.716081420776454,0.989041509358183,[[0.21426072]],[[0.3177516]],68996
11e84493-6b26-e814-a42e-a0369fe50396,Viral 50 - France,2023-03-24,2021-06-11 12:28:48,Charts,50,3,9,3344.0,1464.0,0.449760264493339,0.748806296511771,0.937951399280219,[[0.22329545]],[[0.34176209]],68999
11e84493-6b26-e814-a42e-a0369fe50396,Viral 50 - France,2023-03-31,2021-08-10 23:01:13,Charts,49,3,8,4269.05456059975,1478.55060391504,0.58299013361379,0.780851690748298,0.982576540525568,[[0.22214006]],[[0.35019296]],69030
11e84493-6b26-e814-a42e-a0369fe50396,Viral 50 - France,2023-04-07,2018-12-03 00:30:00,Charts,48,3,8,3758.68055555556,1484.375,0.50001823966171,0.769680838675615,0.969106078381255,[[0.22020545]],[[0.34894484]],69052
11e84493-6b26-e814-a42e-a0369fe50396,Viral 50 - France,2023-04-14,2022-03-19 18:07:20,Charts,49,3,8,4535.61016243232,2019.99167013744,0.766376323013628,1.05107760320645,0.94014354626866,[[0.21895626]],[[0.34142796]],69059
11e84493-6b26-e814-a42e-a0369fe50396,Viral 50 - France,2023-04-21,2021-06-23 19:24:15,Charts,47,3,3,3463.10547759167,3463.10547759167,0.485906171783782,0.485906171783782,1.0091394151568,[[0.23681906]],[[0.23681906]],69084
11e84493-6b26-e814-a42e-a0369fe50396,Viral 50 - France,2023-04-28,2021-09-29 00:00:00,Charts,49,3,9,3469.38775510204,1403.58184089963,0.481778806204075,0.904845605521401,0.99847268212844,[[0.23221308]],[[0.37029941]],69109
11e84493-6b26-e814-a42e-a0369fe50396,Viral 50 - France,2023-05-05,2022-01-17 22:30:00,Charts,48,2,7,5425.34722222222,1710.06944444444,0.331171473087742,0.876681635664867,1.01585426530635,[[0.15149945]],[[0.34489412]],69128
11e84493-6b26-e814-a42e-a0369fe50396,Viral 50 - France,2023-05-12,2021-08-15 05:23:15,Charts,49,2,10,5351.93669304456,1162.01582673886,0.326484439209988,0.902270572494128,1.02948792905919,[[0.15175203]],[[0.38461132]],69139
11e84493-6b26-e814-a42e-a0369fe50396,Viral 50 - France,2023-05-19,2021-08-25 10:04:48,Charts,50,2,7,7048.0,2112.0,0.468732364663944,0.943055436436079,0.959380875183467,[[0.13836979]],[[0.32926023]],69156
11e84493-6b26-e814-a42e-a0369fe50396,Viral 50 - France,2023-05-26,2022-03-12 04:48:00,Charts,50,2,10,6800.0,1224.0,0.401684487732797,0.825292820771398,0.970635587051228,[[0.12853904]],[[0.36124806]],69188
11e84493-6b26-e814-a42e-a0369fe50396,Viral 50 - France,2023-06-02,2015-09-11 17:45:36,Charts,50,4,10,3224.0,1208.0,0.686173607963545,0.867874826637485,0.989702451098312,[[0.26650853]],[[0.38146774]],69218
11e84493-6b26-e814-a42e-a0369fe50396,Viral 50 - France,2023-06-09,2016-09-12 06:51:25,Charts,49,2,9,5018.74219075385,1370.26239067055,0.327365447582745,0.762770287193639,0.948191621294036,[[0.16306917]],[[0.35324494]],69256
11e84493-6b26-e814-a42e-a0369fe50396,Viral 50 - France,2023-06-16,2020-02-17 17:08:34,Charts,49,2,8,5052.06164098292,1536.85964181591,0.301493401925985,0.794269994768409,0.953949664831819,[[0.14917708]],[[0.3498057]],69294
11e84493-6b26-e814-a42e-a0369fe50396,Viral 50 - France,2023-06-23,2020-04-26 00:57:36,Charts,50,3,5,4664.0,2392.0,0.52319342716132,0.683141498572147,0.981779159112754,[[0.19860636]],[[0.28014149]],69302
11e84493-6b26-e814-a42e-a0369fe50396,Viral 50 - France,2023-06-30,2020-06-08 02:56:19,Charts,49,2,5,5168.67971678467,2811.32861307788,0.330252944735019,0.739451747175569,0.988687203824276,[[0.15955578]],[[0.29363082]],69328
11e84493-6b26-e814-a42e-a0369fe50396,Viral 50 - France,2023-07-07,2020-07-08 16:48:00,Charts,50,4,8,2864.0,1664.0,0.577280123052445,0.832649503113462,0.967504673475587,[[0.25774048]],[[0.33686494]],69343
11e84493-6b26-e814-a42e-a0369fe50396,Viral 50 - France,2023-07-14,2023-02-16 04:24:29,Charts,49,3,5,4285.71428571429,2428.15493544357,0.523153252339119,0.702012479118481,0.999853257783314,[[0.21226871]],[[0.29165232]],69368
11e84493-6b26-e814-a42e-a0369fe50396,Viral 50 - France,2023-07-21,2016-06-01 00:30:00,Charts,48,2,10,5312.5,1475.69444444444,0.384243290199925,0.911705332290208,1.02545763167021,[[0.18011404]],[[0.38402995]],69396
11e84493-6b26-e814-a42e-a0369fe50396,Viral 50 - France,2023-07-28,2022-05-30 03:25:42,Charts,49,3,7,4285.71428571429,1836.73469387755,0.6037913402781,0.846589116689288,1.04323390279142,[[0.24972174]],[[0.3665838]],69439
11e84493-6b26-e814-a42e-a0369fe50396,Viral 50 - France,2023-08-04,2019-11-10 06:51:25,Charts,49,4,9,3760.93294460641,1611.82840483132,0.70426270326455,0.907218163996676,0.934390835237334,[[0.26909829]],[[0.3598785]],69440
11e84493-6b26-e814-a42e-a0369fe50396,Viral 50 - France,2023-08-11,2022-09-17 20:04:53,Charts,49,3,8,4602.24906289046,2053.31112036651,0.601780220597707,0.942599591948057,0.921942940603919,[[0.21582522]],[[0.32815507]],69443
11e84493-6b26-e814-a42e-a0369fe50396,Viral 50 - France,2023-08-18,2023-02-19 06:22:02,Charts,49,3,9,4918.78384006664,1678.46730528946,0.621457356833569,0.914647117812346,0.896376284485653,[[0.22207698]],[[0.33784399]],69449
11e84493-6b26-e814-a42e-a0369fe50396,Viral 50 - France,2023-08-25,2022-12-08 05:52:39,Charts,49,2,10,5002.08246563932,1561.84922948771,0.283493271302261,0.95689682840983,0.88372636004337,[[0.1416876]],[[0.32113138]],69464
11e84493-6b26-e814-a42e-a0369fe50396,Viral 50 - France,2023-09-01,2022-12-09 21:03:40,Charts,49,2,6,7850.89546022491,2503.12369845898,0.515904961800862,0.889533755914209,0.940688139191779,[[0.11087337]],[[0.30420122]],69474
11e84493-6b26-e814-a42e-a0369fe50396,Viral 50 - France,2023-09-08,2022-10-29 20:04:53,Charts,49,2,6,7551.02040816326,2061.64098292378,0.454616559624135,0.760925221938266,0.898668859198067,[[0.11133467]],[[0.31300023]],69505
11e84493-6b26-e814-a42e-a0369fe50396,Viral 50 - France,2023-09-15,2022-03-19 08:09:36,Charts,50,2,6,6568.0,2304.0,0.400510171084136,0.916035317489639,0.943671673689883,[[0.13745509]],[[0.30808202]],69537
11e84493-6b26-e814-a42e-a0369fe50396,Viral 50 - France,2023-09-22,2023-06-05 17:16:48,Charts,50,3,3,5816.0,5816.0,0.664776990815016,0.664776990815016,0.938882438164774,[[0.19462902]],[[0.19462902]],69544
11e84493-6b26-e814-a42e-a0369fe50396,Viral 50 - France,2023-09-29,2023-06-28 12:00:00,Charts,50,3,10,6072.0,1448.0,0.685297810899238,0.968196156818352,0.983653484367702,[[0.18221233]],[[0.36897475]],69542
11e84493-6b26-e814-a42e-a0369fe50396,Viral 50 - France,2023-10-06,2022-11-11 10:04:48,Charts,50,3,9,5400.0,1456.0,0.653303090730476,0.955896465708644,1.01109065042923,[[0.20681136]],[[0.37509236]],69545
11e84493-6b26-e814-a42e-a0369fe50396,Viral 50 - France,2023-10-13,2023-02-09 05:16:48,Charts,50,2,8,5800.0,1728.0,0.359751890146414,0.903174125877828,0.984692302179019,[[0.15109579]],[[0.35005032]],69404
11e84493-6b26-e814-a42e-a0369fe50396,Viral 50 - France,2023-10-20,2022-05-21 16:19:12,Charts,50,3,8,5368.0,1552.0,0.649115219248378,0.860157384158742,0.964638527726876,[[0.20511118]],[[0.34870054]],69354
11e84493-6b26-e814-a42e-a0369fe50396,Viral 50 - France,2023-10-27,2021-12-25 22:02:26,Charts,49,3,6,6318.20074968763,2753.01957517701,0.824421101234239,0.991579930295714,0.89370895986617,[[0.19524785]],[[0.31741031]],69345
11e84493-6b26-e814-a42e-a0369fe50396,Viral 50 - France,2023-11-03,2021-03-04 12:00:00,Charts,50,3,9,3736.0,1632.0,0.555096249853333,0.932744883422726,0.965579823296502,[[0.23413276]],[[0.36965993]],69333
11e84493-6b26-e814-a42e-a0369fe50396,Viral 50 - France,2023-11-10,2022-06-12 03:55:06,Charts,49,4,7,3511.03706788838,1661.80758017493,0.726627132369933,0.86830906206551,1.00413821364069,[[0.2851725]],[[0.37250276]],69354
11e84493-6b26-e814-a42e-a0369fe50396,Viral 50 - France,2023-11-17,2022-05-08 15:40:24,Charts,49,3,6,3744.27321949188,2211.5785089546,0.588788276126562,0.985034323815117,0.98324819094496,[[0.25340917]],[[0.34048076]],69617
11e84493-6b26-e814-a42e-a0369fe50396,Viral 50 - France,2023-11-24,2019-12-14 14:41:37,Charts,49,3,8,4635.56851311953,1536.85964181591,0.699259707406225,0.904886242509092,1.03872665102194,[[0.24672372]],[[0.39489189]],69720
11e84493-6b26-e814-a42e-a0369fe50396,Viral 50 - France,2023-12-01,2022-12-04 14:52:48,Charts,50,3,6,3608.0,2080.0,0.544968083422546,0.800631727920103,0.963308895087431,[[0.24614108]],[[0.34116014]],69750
11e84493-6b26-e814-a42e-a0369fe50396,Viral 50 - France,2023-12-08,2019-08-04 23:31:12,Charts,50,3,9,3688.0,1272.0,0.534741627422614,0.822911448095435,0.987627919668635,[[0.26593078]],[[0.38229938]],69786
11e84493-6b26-e814-a42e-a0369fe50396,Viral 50 - France,2023-12-15,2019-09-01 05:45:36,Charts,50,4,9,2768.0,1248.0,0.642092125802467,0.791111512222881,0.992156284067434,[[0.2990149]],[[0.37666688]],69872
11e84493-6b26-e814-a42e-a0369fe50396,Viral 50 - France,2023-12-22,2022-02-02 22:33:36,Charts,50,2,10,5648.0,1272.0,0.381273874658649,0.858846749027136,0.996885579046629,[[0.16593039]],[[0.37805035]],69885
11e84493-6b26-e814-a42e-a0369fe50396,Viral 50 - France,2023-12-29,2021-08-19 23:31:12,Charts,50,2,8,5392.0,1704.0,0.338615592731504,0.794839709725309,0.945079992278688,[[0.15603407]],[[0.33674672]],69882
11e84493-6b26-e814-a42e-a0369fe50396,Viral 50 - France,2024-01-05,2023-01-19 22:30:00,Charts,48,2,6,6050.34722222222,1805.55555555556,0.389293603103482,0.737411604862545,0.947641582287789,[[0.15375746]],[[0.34027257]],69895
11e84493-6b26-e814-a42e-a0369fe50396,Viral 50 - France,2024-01-12,2020-01-23 13:55:12,Charts,50,3,7,3784.0,1536.0,0.555885516816115,0.747770621911305,0.97013923791719,[[0.23054056]],[[0.35615929]],69738
11e84493-6b26-e814-a42e-a0369fe50396,Viral 50 - France,2024-01-19,2021-12-31 23:01:13,Charts,49,4,10,2886.29737609329,1386.92211578509,0.643371957866133,0.840750577044324,0.957767234978747,[[0.28991897]],[[0.36418762]],69643
11e84493-6b26-e814-a42e-a0369fe50396,Viral 50 - France,2024-01-26,2021-12-28 01:28:09,Charts,49,2,10,6301.54102457309,1353.60266555602,0.416375768949557,0.839358757794677,0.945932599029372,[[0.15399487]],[[0.36339901]],69618
11e84493-6b26-e814-a42e-a0369fe50396,Viral 50 - France,2024-02-02,2022-03-09 13:42:51,Charts,49,4,7,2861.30778842149,1611.82840483132,0.659144228223407,0.802871760810297,1.02115703428748,[[0.29121326]],[[0.36906735]],69536
11e84493-6b26-e814-a42e-a0369fe50396,Viral 50 - France,2024-02-09,2023-02-16 08:09:36,Charts,50,4,7,2920.0,1728.0,0.598353626692671,0.796880748163505,0.984935445054173,[[0.2749911]],[[0.33698493]],69497
11e84493-6b26-e814-a42e-a0369fe50396,Viral 50 - France,2024-02-16,2023-06-14 07:12:00,Charts,50,3,10,3888.0,1240.0,0.527412301402548,0.899319766083412,0.988190728070826,[[0.2294073]],[[0.3670553]],69508
11e84493-6b26-e814-a42e-a0369fe50396,Viral 50 - France,2024-02-23,2023-04-05 19:12:00,Charts,50,2,7,5072.0,1600.0,0.316410293349709,0.745863430205664,0.957440013951424,[[0.15592699]],[[0.33790452]],69512
11e84493-6b26-e814-a42e-a0369fe50396,Viral 50 - France,2024-03-01,2023-02-22 11:31:12,Charts,50,3,6,3576.0,2144.0,0.47836007977251,0.937031020931545,0.923798961354847,[[0.22116641]],[[0.30336115]],69514
11e84493-6b26-e814-a42e-a0369fe50396,Viral 50 - France,2024-03-08,2023-01-28 14:52:48,Charts,50,3,9,7496.0,1704.0,0.891720885159078,1.01347565051401,0.909029535927427,[[0.15074297]],[[0.33672297]],69551
11e84493-6b26-e814-a42e-a0369fe50396,Viral 50 - France,2024-03-15,2022-08-29 12:57:36,Charts,50,3,10,5424.0,1664.0,0.701828564103174,1.0121287118511,0.880256204137108,[[0.1648998]],[[0.3212724]],69564
11e84493-6b26-e814-a42e-a0369fe50396,Viral 50 - France,2024-03-22,2023-03-18 20:38:24,Charts,50,2,9,7592.0,1400.0,0.463994699350771,0.921775652908939,0.985687943534835,[[0.11172992]],[[0.36130399]],69568
11e84493-6b26-e814-a42e-a0369fe50396,Viral 50 - France,2024-03-29,2023-06-15 02:56:19,Charts,49,3,9,3935.86005830904,1461.8908788005,0.528046906093479,0.956569513400602,0.941674202984587,[[0.21309477]],[[0.34067526]],69702
11e84493-6b26-e814-a42e-a0369fe50396,Viral 50 - France,2024-04-05,2023-03-28 03:50:24,Charts,50,3,10,4872.0,1520.0,0.573149824748834,0.955285454942774,0.884379368563583,[[0.18627903]],[[0.32635055]],69701
11e84493-6b26-e814-a42e-a0369fe50396,Viral 50 - France,2024-04-12,2023-04-10 01:26:24,Charts,50,2,9,5392.0,1912.0,0.313536959199954,1.01128925600193,0.89326070060226,[[0.14447783]],[[0.31767328]],69605
11e84493-6b26-e814-a42e-a0369fe50396,Viral 50 - France,2024-04-19,2023-04-06 23:30:36,Charts,49,3,10,4835.48521449396,1395.25197834236,0.875352261419974,0.899182599175309,0.871169062846409,[[0.16455942]],[[0.31866179]],69548
11e84493-6b26-e814-a42e-a0369fe50396,Viral 50 - France,2024-04-26,2022-08-14 06:51:25,Charts,49,2,10,5018.74219075385,1128.69637650979,0.299033333474303,0.748106360091868,0.955443760329768,[[0.14895621]],[[0.34928915]],69340
11e84493-6b26-e814-a42e-a0369fe50396,Viral 50 - France,2024-05-03,2022-04-19 19:06:07,Charts,49,3,9,3552.68638067472,1361.93252811329,0.450592685382236,0.787015431228302,0.920637103488175,[[0.21260719]],[[0.3212094]],69295
11e84493-6b26-e814-a42e-a0369fe50396,Viral 50 - France,2024-05-10,2022-10-18 06:30:00,Charts,48,2,8,5425.34722222222,1796.875,0.311493595871772,0.917338974212798,0.868025012983613,[[0.1424975]],[[0.30774568]],69308
11e84493-6b26-e814-a42e-a0369fe50396,Viral 50 - France,2024-05-17,2023-08-21 13:00:00,Charts,48,2,9,6701.38888888889,1770.83333333333,0.35990621973072,0.961485469889564,0.862104966116445,[[0.11871907]],[[0.31573911]],69308
11e84493-6b26-e814-a42e-a0369fe50396,Viral 50 - France,2024-05-24,2023-06-27 11:15:55,Charts,49,2,5,6101.62432319867,3127.86339025406,0.351492420223195,0.96395274407011,0.90373990053767,[[0.13702495]],[[0.26993985]],69311
11e84493-6b26-e814-a42e-a0369fe50396,Viral 50 - France,2024-05-31,2023-07-04 10:46:31,Charts,49,3,5,4285.71428571429,2927.94668887963,0.52177107350112,0.803341318143273,0.935561510697402,[[0.21174692]],[[0.2768994]],69329
11e84493-6b26-e814-a42e-a0369fe50396,Viral 50 - France,2024-06-07,2024-01-02 01:55:12,Charts,50,3,8,4136.0,1952.0,0.50207726656431,0.922585307349453,0.928227443855851,[[0.21893178]],[[0.33344394]],69341
11e84493-6b26-e814-a42e-a0369fe50396,Viral 50 - France,2024-06-14,2023-04-17 21:33:03,Charts,49,3,9,3552.68638067472,1720.1166180758,0.482046786124252,0.998333199497078,0.938633567724991,[[0.22526879]],[[0.34861827]],69361
11e84493-6b26-e814-a42e-a0369fe50396,Viral 50 - France,2024-06-21,2013-12-23 05:16:48,Charts,50,4,4,2904.0,2904.0,0.631715917416278,0.631715917416278,0.963925944335631,[[0.28979376]],[[0.28979376]],69378
11e84493-6b26-e814-a42e-a0369fe50396,Viral 50 - France,2024-06-28,2023-05-29 03:30:00,Charts,48,2,10,8472.22222222222,1657.98611111111,0.571555139710299,0.927743667665395,0.869703088703874,[[0.08732092]],[[0.3344238]],69416
11e84493-6b26-e814-a42e-a0369fe50396,Viral 50 - France,2024-07-05,2023-06-10 22:30:00,Charts,48,2,8,6953.125,1484.375,0.372193266209231,0.792329447877288,0.86486300387826,[[0.11340264]],[[0.31285219]],69465
11e84493-6b26-e814-a42e-a0369fe50396,Viral 50 - France,2024-07-12,2023-08-07 22:02:26,Charts,49,2,6,6751.35360266555,2078.30070803832,0.388168131440721,0.79026973018008,0.938924125765023,[[0.1261021]],[[0.31863297]],69475
11e84493-6b26-e814-a42e-a0369fe50396,Viral 50 - France,2024-07-19,2024-02-22 09:47:45,Charts,49,3,6,3869.22115785089,1953.3527696793,0.625729326438908,0.838734208276487,0.932776229032543,[[0.25181346]],[[0.32706346]],69518
11e84493-6b26-e814-a42e-a0369fe50396,Viral 50 - France,2024-07-26,2023-12-06 15:40:24,Charts,49,3,5,4019.15868388172,2628.07163681799,0.530267520774375,0.739368320404296,0.894404629821796,[[0.21027688]],[[0.27682949]],69584
11e84493-6b26-e814-a42e-a0369fe50396,Viral 50 - France,2024-08-02,2021-05-04 11:00:00,Charts,48,2,8,6953.125,2005.20833333333,0.453444293341065,0.954629895538831,0.892258676903503,[[0.13815881]],[[0.32005106]],69623
11e84493-6b26-e814-a42e-a0369fe50396,Viral 50 - France,2024-08-09,2023-07-19 09:04:00,Charts,45,4,8,3046.91358024691,1802.46913580247,0.558040248865641,0.914637749069306,0.911237321812303,[[0.25174256]],[[0.32117007]],69634
11e84493-6b26-e814-a42e-a0369fe50396,Viral 50 - France,2024-08-16,2023-02-28 00:00:00,Charts,45,2,10,6306.17283950617,1437.03703703704,0.384528469182372,0.973044655773791,0.950298579401472,[[0.14203817]],[[0.35862012]],69637
11e84493-6b26-e814-a42e-a0369fe50396,Viral 50 - France,2024-08-23,2023-01-18 16:44:39,Charts,43,2,7,6690.1027582477,1649.54029204976,0.388321315566593,0.788270303696673,0.965210276628267,[[0.12853037]],[[0.33595997]],69643
11e84493-6b26-e814-a42e-a0369fe50396,Viral 50 - France,2024-08-30,2023-07-16 16:54:32,Charts,44,2,5,7644.62809917355,2489.6694214876,0.459385287711158,0.724420115848884,0.937625967866274,[[0.10820232]],[[0.2888285]],69640
11e84493-6b26-e814-a42e-a0369fe50396,Viral 50 - France,2024-09-06,2022-03-15 18:40:00,Charts,45,2,7,7688.88888888889,2059.25925925926,0.52941778624164,0.906750434814693,0.916983792405035,[[0.12235433]],[[0.32155954]],69607
11e84493-6b26-e814-a42e-a0369fe50396,Viral 50 - France,2024-09-13,2023-08-06 21:52:00,Charts,45,2,6,5555.55555555555,2009.87654320988,0.330804981811649,0.702942623152781,0.909111570477635,[[0.14702444]],[[0.30405404]],69636
11e84493-6b26-e814-a42e-a0369fe50396,Viral 50 - France,2024-09-20,2023-03-07 04:30:00,Charts,48,3,7,3880.20833333333,1579.86111111111,0.570317556862435,0.788977062850083,0.950311054656667,[[0.23179182]],[[0.35070962]],69640
11e84493-6b26-e814-a42e-a0369fe50396,Viral 50 - France,2024-09-27,2022-03-14 12:14:41,Charts,49,3,9,4385.6726364015,1286.96376509788,0.646002283903659,0.819446022413959,0.966346293054818,[[0.22296817]],[[0.3612157]],69653
